PR,URL,Title,Content type,Is rendered page,HTTP status code,Organic traffic,Depth,No. of redirect inlinks,No. of href inlinks
0,https://www.visitbanjarmasin.id/zh/explore/oleh-oleh-khas-di-kuin,Oleh-oleh Khas di Kuin | Visit Banjarmasin,text/html; charset=utf-8,false,200,0,2,1,0
0,https://www.visitbanjarmasin.id/zh/explore/tempat-wisata-di-sultan-adam,Tempat Wisata di Sultan Adam | Visit Banjarmasin,text/html; charset=utf-8,false,200,0,2,1,0
0,https://www.visitbanjarmasin.id/zh/explore/hotel-murah-di-banjarmasin-timur,Hotel Murah di Banjarmasin Timur | Visit Banjarmasin,text/html; charset=utf-8,false,200,0,2,1,0
0,https://www.visitbanjarmasin.id/en/explore/wisata-kuliner-di-kuin,Wisata Kuliner di Kuin | Visit Banjarmasin,text/html; charset=utf-8,false,200,0,2,1,0
0,https://www.visitbanjarmasin.id/ms/explore/wisata-kuliner-di-banjarmasin-timur,Wisata Kuliner di Banjarmasin Timur | Visit Banjarmasin,text/html; charset=utf-8,false,200,0,2,1,0
0,https://www.visitbanjarmasin.id/zh/explore/wisata-kuliner-di-gatot-subroto,Wisata Kuliner di Gatot Subroto | Visit Banjarmasin,text/html; charset=utf-8,false,200,0,2,1,0
0,https://www.visitbanjarmasin.id/id/explore/tempat-wisata-di-banjarmasin-timur,Tempat Wisata di Banjarmasin Timur | Visit Banjarmasin,text/html; charset=utf-8,false,200,0,1,1,0
0,https://www.visitbanjarmasin.id/ms/explore/tempat-nongkrong-di-sultan-adam,Tempat Nongkrong di Sultan Adam | Visit Banjarmasin,text/html; charset=utf-8,false,200,0,2,1,0
0,https://www.visitbanjarmasin.id/id/explore/wisata-malam-di-sultan-adam,Wisata Malam di Sultan Adam | Visit Banjarmasin,text/html; charset=utf-8,false,200,0,1,1,0
0,https://www.visitbanjarmasin.id/id/explore/oleh-oleh-khas-di-banjarmasin-barat,Oleh-oleh Khas di Banjarmasin Barat | Visit Banjarmasin,text/html; charset=utf-8,false,200,0,1,1,0
0,https://www.visitbanjarmasin.id/zh/explore/tempat-wisata-di-kayutangi,Tempat Wisata di Kayutangi | Visit Banjarmasin,text/html; charset=utf-8,false,200,0,2,1,0
0,https://www.visitbanjarmasin.id/zh/explore/tempat-wisata-di-banjarmasin-barat,Tempat Wisata di Banjarmasin Barat | Visit Banjarmasin,text/html; charset=utf-8,false,200,0,2,1,0
0,https://www.visitbanjarmasin.id/zh/explore/oleh-oleh-khas-di-banjarmasin-selatan,Oleh-oleh Khas di Banjarmasin Selatan | Visit Banjarmasin,text/html; charset=utf-8,false,200,0,2,1,0
0,https://www.visitbanjarmasin.id/id/explore/sewa-mobil-di-banjarmasin-utara,Sewa Mobil di Banjarmasin Utara | Visit Banjarmasin,text/html; charset=utf-8,false,200,0,1,1,0
0,https://www.visitbanjarmasin.id/zh/explore/hotel-murah-di-kuin,Hotel Murah di Kuin | Visit Banjarmasin,text/html; charset=utf-8,false,200,0,2,1,0
0,https://www.visitbanjarmasin.id/id/explore/tempat-nongkrong-di-gatot-subroto,Tempat Nongkrong di Gatot Subroto | Visit Banjarmasin,text/html; charset=utf-8,false,200,0,1,1,0
0,https://www.visitbanjarmasin.id/en/explore/wisata-kuliner-di-kayutangi,Wisata Kuliner di Kayutangi | Visit Banjarmasin,text/html; charset=utf-8,false,200,0,2,1,0
0,https://www.visitbanjarmasin.id/id/explore/hotel-murah-di-banjarmasin-timur,Hotel Murah di Banjarmasin Timur | Visit Banjarmasin,text/html; charset=utf-8,false,200,0,1,1,0
0,https://www.visitbanjarmasin.id/zh/explore/oleh-oleh-khas-di-banjarmasin-timur,Oleh-oleh Khas di Banjarmasin Timur | Visit Banjarmasin,text/html; charset=utf-8,false,200,0,2,1,0
0,https://www.visitbanjarmasin.id/zh/explore/hotel-murah-di-kayutangi,Hotel Murah di Kayutangi | Visit Banjarmasin,text/html; charset=utf-8,false,200,0,2,1,0
0,https://www.visitbanjarmasin.id/ms/explore/sewa-mobil-di-kayutangi,Sewa Mobil di Kayutangi | Visit Banjarmasin,text/html; charset=utf-8,false,200,0,2,1,0
0,https://www.visitbanjarmasin.id/id/explore/tempat-wisata-di-lok-baintan,Tempat Wisata di Lok Baintan | Visit Banjarmasin,text/html; charset=utf-8,false,200,0,1,1,0
0,https://www.visitbanjarmasin.id/zh/explore/wisata-malam-di-banjarmasin-timur,Wisata Malam di Banjarmasin Timur | Visit Banjarmasin,text/html; charset=utf-8,false,200,0,2,1,0
0,https://www.visitbanjarmasin.id/ms/explore/tempat-nongkrong-di-kuin,Tempat Nongkrong di Kuin | Visit Banjarmasin,text/html; charset=utf-8,false,200,0,2,1,0
0,https://www.visitbanjarmasin.id/en/explore/oleh-oleh-khas-di-kuin,Oleh-oleh Khas di Kuin | Visit Banjarmasin,text/html; charset=utf-8,false,200,0,2,1,0
0,https://www.visitbanjarmasin.id/id/explore/sewa-mobil-di-banjarmasin-tengah,Sewa Mobil di Banjarmasin Tengah | Visit Banjarmasin,text/html; charset=utf-8,false,200,0,1,1,0
0,https://www.visitbanjarmasin.id/id/explore/wisata-kuliner-di-kuin,Wisata Kuliner di Kuin | Visit Banjarmasin,text/html; charset=utf-8,false,200,0,1,1,0
0,https://www.visitbanjarmasin.id/ms/explore/tempat-wisata-di-banjarmasin-selatan,Tempat Wisata di Banjarmasin Selatan | Visit Banjarmasin,text/html; charset=utf-8,false,200,0,2,1,0
0,https://www.visitbanjarmasin.id/ms/explore/sewa-mobil-di-gatot-subroto,Sewa Mobil di Gatot Subroto | Visit Banjarmasin,text/html; charset=utf-8,false,200,0,2,1,0
0,https://www.visitbanjarmasin.id/zh/explore/tempat-nongkrong-di-sungai-andai,Tempat Nongkrong di Sungai Andai | Visit Banjarmasin,text/html; charset=utf-8,false,200,0,2,1,0
0,https://www.visitbanjarmasin.id/ms/explore/sewa-mobil-di-sungai-andai,Sewa Mobil di Sungai Andai | Visit Banjarmasin,text/html; charset=utf-8,false,200,0,2,1,0
0,https://www.visitbanjarmasin.id/ms/explore/sewa-mobil-di-banjarmasin-tengah,Sewa Mobil di Banjarmasin Tengah | Visit Banjarmasin,text/html; charset=utf-8,false,200,0,2,1,0
0,https://www.visitbanjarmasin.id/id/explore/sewa-mobil-di-banjarmasin-timur,Sewa Mobil di Banjarmasin Timur | Visit Banjarmasin,text/html; charset=utf-8,false,200,0,1,1,0
0,https://www.visitbanjarmasin.id/ms/explore/wisata-kuliner-di-kayutangi,Wisata Kuliner di Kayutangi | Visit Banjarmasin,text/html; charset=utf-8,false,200,0,2,1,0
0,https://www.visitbanjarmasin.id/id/explore/sewa-mobil-di-sultan-adam,Sewa Mobil di Sultan Adam | Visit Banjarmasin,text/html; charset=utf-8,false,200,0,1,1,0
0,https://www.visitbanjarmasin.id/zh/explore/sewa-mobil-di-banjarmasin-selatan,Sewa Mobil di Banjarmasin Selatan | Visit Banjarmasin,text/html; charset=utf-8,false,200,0,2,1,0
0,https://www.visitbanjarmasin.id/zh/explore/tempat-wisata-di-gatot-subroto,Tempat Wisata di Gatot Subroto | Visit Banjarmasin,text/html; charset=utf-8,false,200,0,2,1,0
0,https://www.visitbanjarmasin.id/ms/explore/tempat-nongkrong-di-sungai-andai,Tempat Nongkrong di Sungai Andai | Visit Banjarmasin,text/html; charset=utf-8,false,200,0,2,1,0
0,https://www.visitbanjarmasin.id/zh/explore/oleh-oleh-khas-di-kayutangi,Oleh-oleh Khas di Kayutangi | Visit Banjarmasin,text/html; charset=utf-8,false,200,0,2,1,0
0,https://www.visitbanjarmasin.id/zh/explore/wisata-kuliner-di-banjarmasin-timur,Wisata Kuliner di Banjarmasin Timur | Visit Banjarmasin,text/html; charset=utf-8,false,200,0,2,1,0
0,https://www.visitbanjarmasin.id/id/explore/wisata-kuliner-di-banjarmasin-utara,Wisata Kuliner di Banjarmasin Utara | Visit Banjarmasin,text/html; charset=utf-8,false,200,0,1,1,0
0,https://www.visitbanjarmasin.id/ms/explore/sewa-mobil-di-sultan-adam,Sewa Mobil di Sultan Adam | Visit Banjarmasin,text/html; charset=utf-8,false,200,0,2,1,0
0,https://www.visitbanjarmasin.id/id/explore/hotel-murah-di-sultan-adam,Hotel Murah di Sultan Adam | Visit Banjarmasin,text/html; charset=utf-8,false,200,0,1,1,0
0,https://www.visitbanjarmasin.id/id/explore/tempat-wisata-di-gatot-subroto,Tempat Wisata di Gatot Subroto | Visit Banjarmasin,text/html; charset=utf-8,false,200,0,1,1,0
0,https://www.visitbanjarmasin.id/id/explore/wisata-kuliner-di-lok-baintan,Wisata Kuliner di Lok Baintan | Visit Banjarmasin,text/html; charset=utf-8,false,200,0,1,1,0
0,https://www.visitbanjarmasin.id/en/explore/wisata-malam-di-kayutangi,Wisata Malam di Kayutangi | Visit Banjarmasin,text/html; charset=utf-8,false,200,0,2,1,0
0,https://www.visitbanjarmasin.id/id/explore/hotel-murah-di-kayutangi,Hotel Murah di Kayutangi | Visit Banjarmasin,text/html; charset=utf-8,false,200,0,1,1,0
0,https://www.visitbanjarmasin.id/zh/explore/oleh-oleh-khas-di-lok-baintan,Oleh-oleh Khas di Lok Baintan | Visit Banjarmasin,text/html; charset=utf-8,false,200,0,2,1,0
0,https://www.visitbanjarmasin.id/id/explore/sewa-mobil-di-banjarmasin-barat,Sewa Mobil di Banjarmasin Barat | Visit Banjarmasin,text/html; charset=utf-8,false,200,0,1,1,0
0,https://www.visitbanjarmasin.id/ms/explore/wisata-kuliner-di-banjarmasin-selatan,Wisata Kuliner di Banjarmasin Selatan | Visit Banjarmasin,text/html; charset=utf-8,false,200,0,2,1,0
0,https://www.visitbanjarmasin.id/en/explore/hotel-murah-di-kayutangi,Hotel Murah di Kayutangi | Visit Banjarmasin,text/html; charset=utf-8,false,200,0,2,1,0
0,https://www.visitbanjarmasin.id/en/explore/tempat-wisata-di-sultan-adam,Tempat Wisata di Sultan Adam | Visit Banjarmasin,text/html; charset=utf-8,false,200,0,2,1,0
0,https://www.visitbanjarmasin.id/zh/explore/tempat-nongkrong-di-gatot-subroto,Tempat Nongkrong di Gatot Subroto | Visit Banjarmasin,text/html; charset=utf-8,false,200,0,2,1,0
0,https://www.visitbanjarmasin.id/ms/explore/tempat-nongkrong-di-banjarmasin-utara,Tempat Nongkrong di Banjarmasin Utara | Visit Banjarmasin,text/html; charset=utf-8,false,200,0,2,1,0
0,https://www.visitbanjarmasin.id/en/explore/wisata-kuliner-di-lok-baintan,Wisata Kuliner di Lok Baintan | Visit Banjarmasin,text/html; charset=utf-8,false,200,0,2,1,0
0,https://www.visitbanjarmasin.id/en/explore/wisata-kuliner-di-banjarmasin-timur,Wisata Kuliner di Banjarmasin Timur | Visit Banjarmasin,text/html; charset=utf-8,false,200,0,2,1,0
0,https://www.visitbanjarmasin.id/zh/explore/tempat-wisata-di-banjarmasin-tengah,Tempat Wisata di Banjarmasin Tengah | Visit Banjarmasin,text/html; charset=utf-8,false,200,0,2,1,0
0,https://www.visitbanjarmasin.id/ms/explore/wisata-kuliner-di-sungai-andai,Wisata Kuliner di Sungai Andai | Visit Banjarmasin,text/html; charset=utf-8,false,200,0,2,1,0
0,https://www.visitbanjarmasin.id/zh/explore/tempat-nongkrong-di-banjarmasin-tengah,Tempat Nongkrong di Banjarmasin Tengah | Visit Banjarmasin,text/html; charset=utf-8,false,200,0,2,1,0
0,https://www.visitbanjarmasin.id/ms/explore/wisata-malam-di-kuin,Wisata Malam di Kuin | Visit Banjarmasin,text/html; charset=utf-8,false,200,0,2,1,0
0,https://www.visitbanjarmasin.id/zh/explore/wisata-malam-di-kayutangi,Wisata Malam di Kayutangi | Visit Banjarmasin,text/html; charset=utf-8,false,200,0,2,1,0
0,https://www.visitbanjarmasin.id/id/explore/hotel-murah-di-banjarmasin-tengah,Hotel Murah di Banjarmasin Tengah | Visit Banjarmasin,text/html; charset=utf-8,false,200,0,1,1,0
0,https://www.visitbanjarmasin.id/id/explore/tempat-nongkrong-di-banjarmasin-tengah,Tempat Nongkrong di Banjarmasin Tengah | Visit Banjarmasin,text/html; charset=utf-8,false,200,0,1,1,0
0,https://www.visitbanjarmasin.id/zh/explore/hotel-murah-di-banjarmasin-selatan,Hotel Murah di Banjarmasin Selatan | Visit Banjarmasin,text/html; charset=utf-8,false,200,0,2,1,0
0,https://www.visitbanjarmasin.id/id/explore/oleh-oleh-khas-di-banjarmasin-timur,Oleh-oleh Khas di Banjarmasin Timur | Visit Banjarmasin,text/html; charset=utf-8,false,200,0,1,1,0
0,https://www.visitbanjarmasin.id/id/explore/wisata-kuliner-di-banjarmasin-tengah,Wisata Kuliner di Banjarmasin Tengah | Visit Banjarmasin,text/html; charset=utf-8,false,200,0,1,1,0
0,https://www.visitbanjarmasin.id/zh/explore/wisata-malam-di-banjarmasin-barat,Wisata Malam di Banjarmasin Barat | Visit Banjarmasin,text/html; charset=utf-8,false,200,0,2,1,0
0,https://www.visitbanjarmasin.id/zh/explore/tempat-nongkrong-di-banjarmasin-utara,Tempat Nongkrong di Banjarmasin Utara | Visit Banjarmasin,text/html; charset=utf-8,false,200,0,2,1,0
0,https://www.visitbanjarmasin.id/id/profil-kota,Profil Kota Banjarmasin | Visit Banjarmasin,text/html; charset=utf-8,false,200,0,1,1,0
0,https://www.visitbanjarmasin.id/ms/explore/oleh-oleh-khas-di-sultan-adam,Oleh-oleh Khas di Sultan Adam | Visit Banjarmasin,text/html; charset=utf-8,false,200,0,2,1,0
0,https://www.visitbanjarmasin.id/ms/explore/oleh-oleh-khas-di-banjarmasin-selatan,Oleh-oleh Khas di Banjarmasin Selatan | Visit Banjarmasin,text/html; charset=utf-8,false,200,0,2,1,0
0,https://www.visitbanjarmasin.id/id/explore/oleh-oleh-khas-di-banjarmasin-tengah,Oleh-oleh Khas di Banjarmasin Tengah | Visit Banjarmasin,text/html; charset=utf-8,false,200,0,1,1,0
0,https://www.visitbanjarmasin.id/en/explore/hotel-murah-di-banjarmasin-utara,Hotel Murah di Banjarmasin Utara | Visit Banjarmasin,text/html; charset=utf-8,false,200,0,2,1,0
0,https://www.visitbanjarmasin.id/ms/explore/sewa-mobil-di-banjarmasin-timur,Sewa Mobil di Banjarmasin Timur | Visit Banjarmasin,text/html; charset=utf-8,false,200,0,2,1,0
0,https://www.visitbanjarmasin.id/ms/explore/tempat-wisata-di-banjarmasin-tengah,Tempat Wisata di Banjarmasin Tengah | Visit Banjarmasin,text/html; charset=utf-8,false,200,0,2,1,0
0,https://www.visitbanjarmasin.id/id/explore/tempat-wisata-di-banjarmasin-tengah,Tempat Wisata di Banjarmasin Tengah | Visit Banjarmasin,text/html; charset=utf-8,false,200,0,1,1,0
0,https://www.visitbanjarmasin.id/zh/explore/wisata-malam-di-gatot-subroto,Wisata Malam di Gatot Subroto | Visit Banjarmasin,text/html; charset=utf-8,false,200,0,2,1,0
0,https://www.visitbanjarmasin.id/ms/explore/wisata-malam-di-banjarmasin-timur,Wisata Malam di Banjarmasin Timur | Visit Banjarmasin,text/html; charset=utf-8,false,200,0,2,1,0
0,https://www.visitbanjarmasin.id/zh/explore/oleh-oleh-khas-di-sungai-andai,Oleh-oleh Khas di Sungai Andai | Visit Banjarmasin,text/html; charset=utf-8,false,200,0,2,1,0
0,https://www.visitbanjarmasin.id/en/explore/oleh-oleh-khas-di-banjarmasin-timur,Oleh-oleh Khas di Banjarmasin Timur | Visit Banjarmasin,text/html; charset=utf-8,false,200,0,2,1,0
0,https://www.visitbanjarmasin.id/en/explore/wisata-malam-di-banjarmasin-timur,Wisata Malam di Banjarmasin Timur | Visit Banjarmasin,text/html; charset=utf-8,false,200,0,2,1,0
0,https://www.visitbanjarmasin.id/zh/explore/wisata-malam-di-banjarmasin-utara,Wisata Malam di Banjarmasin Utara | Visit Banjarmasin,text/html; charset=utf-8,false,200,0,2,1,0
0,https://www.visitbanjarmasin.id/en/explore/tempat-wisata-di-kuin,Tempat Wisata di Kuin | Visit Banjarmasin,text/html; charset=utf-8,false,200,0,2,1,0
0,https://www.visitbanjarmasin.id/ms/explore/hotel-murah-di-kayutangi,Hotel Murah di Kayutangi | Visit Banjarmasin,text/html; charset=utf-8,false,200,0,2,1,0
0,https://www.visitbanjarmasin.id/en/explore/oleh-oleh-khas-di-gatot-subroto,Oleh-oleh Khas di Gatot Subroto | Visit Banjarmasin,text/html; charset=utf-8,false,200,0,2,1,0
0,https://www.visitbanjarmasin.id/en/explore/oleh-oleh-khas-di-lok-baintan,Oleh-oleh Khas di Lok Baintan | Visit Banjarmasin,text/html; charset=utf-8,false,200,0,2,1,0
0,https://www.visitbanjarmasin.id/id/explore/hotel-murah-di-gatot-subroto,Hotel Murah di Gatot Subroto | Visit Banjarmasin,text/html; charset=utf-8,false,200,0,1,1,0
0,https://www.visitbanjarmasin.id/zh/explore/oleh-oleh-khas-di-sultan-adam,Oleh-oleh Khas di Sultan Adam | Visit Banjarmasin,text/html; charset=utf-8,false,200,0,2,1,0
0,https://www.visitbanjarmasin.id/en/explore/hotel-murah-di-sultan-adam,Hotel Murah di Sultan Adam | Visit Banjarmasin,text/html; charset=utf-8,false,200,0,2,1,0
0,https://www.visitbanjarmasin.id/en/explore/sewa-mobil-di-banjarmasin-selatan,Sewa Mobil di Banjarmasin Selatan | Visit Banjarmasin,text/html; charset=utf-8,false,200,0,2,1,0
0,https://www.visitbanjarmasin.id/id/explore/oleh-oleh-khas-di-kuin,Oleh-oleh Khas di Kuin | Visit Banjarmasin,text/html; charset=utf-8,false,200,0,1,1,0
0,https://www.visitbanjarmasin.id/zh/explore/hotel-murah-di-sultan-adam,Hotel Murah di Sultan Adam | Visit Banjarmasin,text/html; charset=utf-8,false,200,0,2,1,0
0,https://www.visitbanjarmasin.id/zh/explore/wisata-malam-di-banjarmasin-selatan,Wisata Malam di Banjarmasin Selatan | Visit Banjarmasin,text/html; charset=utf-8,false,200,0,2,1,0
0,https://www.visitbanjarmasin.id/id/explore/wisata-malam-di-kuin,Wisata Malam di Kuin | Visit Banjarmasin,text/html; charset=utf-8,false,200,0,1,1,0
0,https://www.visitbanjarmasin.id/ms/explore/oleh-oleh-khas-di-gatot-subroto,Oleh-oleh Khas di Gatot Subroto | Visit Banjarmasin,text/html; charset=utf-8,false,200,0,2,1,0
0,https://www.visitbanjarmasin.id/en/explore/tempat-wisata-di-banjarmasin-selatan,Tempat Wisata di Banjarmasin Selatan | Visit Banjarmasin,text/html; charset=utf-8,false,200,0,2,1,0
0,https://www.visitbanjarmasin.id/en/explore/oleh-oleh-khas-di-banjarmasin-selatan,Oleh-oleh Khas di Banjarmasin Selatan | Visit Banjarmasin,text/html; charset=utf-8,false,200,0,2,1,0
0,https://www.visitbanjarmasin.id/ms/explore/sewa-mobil-di-kuin,Sewa Mobil di Kuin | Visit Banjarmasin,text/html; charset=utf-8,false,200,0,2,1,0
0,https://www.visitbanjarmasin.id/ms/explore/tempat-nongkrong-di-banjarmasin-timur,Tempat Nongkrong di Banjarmasin Timur | Visit Banjarmasin,text/html; charset=utf-8,false,200,0,2,1,0
0,https://www.visitbanjarmasin.id/ms/explore/wisata-malam-di-sultan-adam,Wisata Malam di Sultan Adam | Visit Banjarmasin,text/html; charset=utf-8,false,200,0,2,1,0
0,https://www.visitbanjarmasin.id/ms/explore/hotel-murah-di-banjarmasin-selatan,Hotel Murah di Banjarmasin Selatan | Visit Banjarmasin,text/html; charset=utf-8,false,200,0,2,1,0
0,https://www.visitbanjarmasin.id/ms/explore/tempat-wisata-di-kayutangi,Tempat Wisata di Kayutangi | Visit Banjarmasin,text/html; charset=utf-8,false,200,0,2,1,0
0,https://www.visitbanjarmasin.id/en/explore/wisata-kuliner-di-banjarmasin-barat,Wisata Kuliner di Banjarmasin Barat | Visit Banjarmasin,text/html; charset=utf-8,false,200,0,2,1,0
0,https://www.visitbanjarmasin.id/en/explore/tempat-wisata-di-gatot-subroto,Tempat Wisata di Gatot Subroto | Visit Banjarmasin,text/html; charset=utf-8,false,200,0,2,1,0
0,https://www.visitbanjarmasin.id/ms/explore/oleh-oleh-khas-di-sungai-andai,Oleh-oleh Khas di Sungai Andai | Visit Banjarmasin,text/html; charset=utf-8,false,200,0,2,1,0
0,https://www.visitbanjarmasin.id/en/explore/wisata-kuliner-di-gatot-subroto,Wisata Kuliner di Gatot Subroto | Visit Banjarmasin,text/html; charset=utf-8,false,200,0,2,1,0
0,https://www.visitbanjarmasin.id/zh/explore/oleh-oleh-khas-di-banjarmasin-tengah,Oleh-oleh Khas di Banjarmasin Tengah | Visit Banjarmasin,text/html; charset=utf-8,false,200,0,2,1,0
0,https://www.visitbanjarmasin.id/en/explore/oleh-oleh-khas-di-banjarmasin-utara,Oleh-oleh Khas di Banjarmasin Utara | Visit Banjarmasin,text/html; charset=utf-8,false,200,0,2,1,0
0,https://www.visitbanjarmasin.id/id/explore/wisata-kuliner-di-sungai-andai,Wisata Kuliner di Sungai Andai | Visit Banjarmasin,text/html; charset=utf-8,false,200,0,1,1,0
0,https://www.visitbanjarmasin.id/ms/explore/tempat-nongkrong-di-kayutangi,Tempat Nongkrong di Kayutangi | Visit Banjarmasin,text/html; charset=utf-8,false,200,0,2,1,0
0,https://www.visitbanjarmasin.id/id/explore/tempat-nongkrong-di-kayutangi,Tempat Nongkrong di Kayutangi | Visit Banjarmasin,text/html; charset=utf-8,false,200,0,1,1,0
0,https://www.visitbanjarmasin.id/ms/explore/wisata-malam-di-banjarmasin-tengah,Wisata Malam di Banjarmasin Tengah | Visit Banjarmasin,text/html; charset=utf-8,false,200,0,2,1,0
0,https://www.visitbanjarmasin.id/ms/explore/hotel-murah-di-sungai-andai,Hotel Murah di Sungai Andai | Visit Banjarmasin,text/html; charset=utf-8,false,200,0,2,1,0
0,https://www.visitbanjarmasin.id/id/explore/tempat-nongkrong-di-sultan-adam,Tempat Nongkrong di Sultan Adam | Visit Banjarmasin,text/html; charset=utf-8,false,200,0,1,1,0
0,https://www.visitbanjarmasin.id/id/explore/oleh-oleh-khas-di-sultan-adam,Oleh-oleh Khas di Sultan Adam | Visit Banjarmasin,text/html; charset=utf-8,false,200,0,1,1,0
0,https://www.visitbanjarmasin.id/ms/explore/sewa-mobil-di-banjarmasin-barat,Sewa Mobil di Banjarmasin Barat | Visit Banjarmasin,text/html; charset=utf-8,false,200,0,2,1,0
0,https://www.visitbanjarmasin.id/ms/explore/tempat-wisata-di-sungai-andai,Tempat Wisata di Sungai Andai | Visit Banjarmasin,text/html; charset=utf-8,false,200,0,2,1,0
0,https://www.visitbanjarmasin.id/en/explore/wisata-malam-di-banjarmasin-selatan,Wisata Malam di Banjarmasin Selatan | Visit Banjarmasin,text/html; charset=utf-8,false,200,0,2,1,0
0,https://www.visitbanjarmasin.id/ms/explore/sewa-mobil-di-banjarmasin-utara,Sewa Mobil di Banjarmasin Utara | Visit Banjarmasin,text/html; charset=utf-8,false,200,0,2,1,0
0,https://www.visitbanjarmasin.id/id/explore/wisata-kuliner-di-gatot-subroto,Wisata Kuliner di Gatot Subroto | Visit Banjarmasin,text/html; charset=utf-8,false,200,0,1,1,0
0,https://www.visitbanjarmasin.id/en/explore/hotel-murah-di-banjarmasin-barat,Hotel Murah di Banjarmasin Barat | Visit Banjarmasin,text/html; charset=utf-8,false,200,0,2,1,0
0,https://www.visitbanjarmasin.id/id/explore/oleh-oleh-khas-di-banjarmasin-utara,Oleh-oleh Khas di Banjarmasin Utara | Visit Banjarmasin,text/html; charset=utf-8,false,200,0,1,1,0
0,https://www.visitbanjarmasin.id/en/explore/tempat-wisata-di-banjarmasin-utara,Tempat Wisata di Banjarmasin Utara | Visit Banjarmasin,text/html; charset=utf-8,false,200,0,2,1,0
0,https://www.visitbanjarmasin.id/en/explore/sewa-mobil-di-sungai-andai,Sewa Mobil di Sungai Andai | Visit Banjarmasin,text/html; charset=utf-8,false,200,0,2,1,0
0,https://www.visitbanjarmasin.id/en/explore/hotel-murah-di-banjarmasin-tengah,Hotel Murah di Banjarmasin Tengah | Visit Banjarmasin,text/html; charset=utf-8,false,200,0,2,1,0
0,https://www.visitbanjarmasin.id/en/explore/tempat-nongkrong-di-banjarmasin-barat,Tempat Nongkrong di Banjarmasin Barat | Visit Banjarmasin,text/html; charset=utf-8,false,200,0,2,1,0
0,https://www.visitbanjarmasin.id/zh/explore/tempat-nongkrong-di-banjarmasin-timur,Tempat Nongkrong di Banjarmasin Timur | Visit Banjarmasin,text/html; charset=utf-8,false,200,0,2,1,0
0,https://www.visitbanjarmasin.id/zh/explore/sewa-mobil-di-banjarmasin-tengah,Sewa Mobil di Banjarmasin Tengah | Visit Banjarmasin,text/html; charset=utf-8,false,200,0,2,1,0
0,https://www.visitbanjarmasin.id/zh/explore/sewa-mobil-di-banjarmasin-timur,Sewa Mobil di Banjarmasin Timur | Visit Banjarmasin,text/html; charset=utf-8,false,200,0,2,1,0
0,https://www.visitbanjarmasin.id/ms/explore/oleh-oleh-khas-di-banjarmasin-utara,Oleh-oleh Khas di Banjarmasin Utara | Visit Banjarmasin,text/html; charset=utf-8,false,200,0,2,1,0
0,https://www.visitbanjarmasin.id/ms/explore/tempat-wisata-di-banjarmasin-timur,Tempat Wisata di Banjarmasin Timur | Visit Banjarmasin,text/html; charset=utf-8,false,200,0,2,1,0
0,https://www.visitbanjarmasin.id/ms/explore/tempat-nongkrong-di-banjarmasin-barat,Tempat Nongkrong di Banjarmasin Barat | Visit Banjarmasin,text/html; charset=utf-8,false,200,0,2,1,0
0,https://www.visitbanjarmasin.id/en/explore/tempat-nongkrong-di-kayutangi,Tempat Nongkrong di Kayutangi | Visit Banjarmasin,text/html; charset=utf-8,false,200,0,2,1,0
0,https://www.visitbanjarmasin.id/en/explore/wisata-malam-di-gatot-subroto,Wisata Malam di Gatot Subroto | Visit Banjarmasin,text/html; charset=utf-8,false,200,0,2,1,0
0,https://www.visitbanjarmasin.id/en/explore/sewa-mobil-di-kuin,Sewa Mobil di Kuin | Visit Banjarmasin,text/html; charset=utf-8,false,200,0,2,1,0
0,https://www.visitbanjarmasin.id/id/explore/oleh-oleh-khas-di-kayutangi,Oleh-oleh Khas di Kayutangi | Visit Banjarmasin,text/html; charset=utf-8,false,200,0,1,1,0
0,https://www.visitbanjarmasin.id/en/explore/hotel-murah-di-gatot-subroto,Hotel Murah di Gatot Subroto | Visit Banjarmasin,text/html; charset=utf-8,false,200,0,2,1,0
0,https://www.visitbanjarmasin.id/zh/explore/sewa-mobil-di-kayutangi,Sewa Mobil di Kayutangi | Visit Banjarmasin,text/html; charset=utf-8,false,200,0,2,1,0
0,https://www.visitbanjarmasin.id/id/explore/hotel-murah-di-banjarmasin-barat,Hotel Murah di Banjarmasin Barat | Visit Banjarmasin,text/html; charset=utf-8,false,200,0,1,1,0
0,https://www.visitbanjarmasin.id/zh/explore/wisata-malam-di-lok-baintan,Wisata Malam di Lok Baintan | Visit Banjarmasin,text/html; charset=utf-8,false,200,0,2,1,0
0,https://www.visitbanjarmasin.id/zh/explore/hotel-murah-di-banjarmasin-tengah,Hotel Murah di Banjarmasin Tengah | Visit Banjarmasin,text/html; charset=utf-8,false,200,0,2,1,0
0,https://www.visitbanjarmasin.id/en/explore/tempat-nongkrong-di-banjarmasin-tengah,Tempat Nongkrong di Banjarmasin Tengah | Visit Banjarmasin,text/html; charset=utf-8,false,200,0,2,1,0
0,https://www.visitbanjarmasin.id/ms/explore/tempat-nongkrong-di-gatot-subroto,Tempat Nongkrong di Gatot Subroto | Visit Banjarmasin,text/html; charset=utf-8,false,200,0,2,1,0
0,https://www.visitbanjarmasin.id/en/explore/tempat-nongkrong-di-banjarmasin-timur,Tempat Nongkrong di Banjarmasin Timur | Visit Banjarmasin,text/html; charset=utf-8,false,200,0,2,1,0
0,https://www.visitbanjarmasin.id/zh/explore/hotel-murah-di-banjarmasin-barat,Hotel Murah di Banjarmasin Barat | Visit Banjarmasin,text/html; charset=utf-8,false,200,0,2,1,0
0,https://www.visitbanjarmasin.id/en/explore/hotel-murah-di-lok-baintan,Hotel Murah di Lok Baintan | Visit Banjarmasin,text/html; charset=utf-8,false,200,0,2,1,0
0,https://www.visitbanjarmasin.id/ms/explore/wisata-malam-di-banjarmasin-utara,Wisata Malam di Banjarmasin Utara | Visit Banjarmasin,text/html; charset=utf-8,false,200,0,2,1,0
0,https://www.visitbanjarmasin.id/ms/explore/tempat-wisata-di-kuin,Tempat Wisata di Kuin | Visit Banjarmasin,text/html; charset=utf-8,false,200,0,2,1,0
0,https://www.visitbanjarmasin.id/en/explore/wisata-kuliner-di-banjarmasin-selatan,Wisata Kuliner di Banjarmasin Selatan | Visit Banjarmasin,text/html; charset=utf-8,false,200,0,2,1,0
0,https://www.visitbanjarmasin.id/id/explore/tempat-wisata-di-banjarmasin-barat,Tempat Wisata di Banjarmasin Barat | Visit Banjarmasin,text/html; charset=utf-8,false,200,0,1,1,0
0,https://www.visitbanjarmasin.id/ms/explore/hotel-murah-di-gatot-subroto,Hotel Murah di Gatot Subroto | Visit Banjarmasin,text/html; charset=utf-8,false,200,0,2,1,0
0,https://www.visitbanjarmasin.id/en/explore/hotel-murah-di-kuin,Hotel Murah di Kuin | Visit Banjarmasin,text/html; charset=utf-8,false,200,0,2,1,0
0,https://www.visitbanjarmasin.id/ms/profil-kota,Profil Bandar Banjarmasin | Visit Banjarmasin,text/html; charset=utf-8,false,200,0,2,1,0
0,https://www.visitbanjarmasin.id/en/explore/tempat-nongkrong-di-sultan-adam,Tempat Nongkrong di Sultan Adam | Visit Banjarmasin,text/html; charset=utf-8,false,200,0,2,1,0
0,https://www.visitbanjarmasin.id/ms/explore/wisata-kuliner-di-banjarmasin-utara,Wisata Kuliner di Banjarmasin Utara | Visit Banjarmasin,text/html; charset=utf-8,false,200,0,2,1,0
0,https://www.visitbanjarmasin.id/zh/explore/wisata-kuliner-di-banjarmasin-tengah,Wisata Kuliner di Banjarmasin Tengah | Visit Banjarmasin,text/html; charset=utf-8,false,200,0,2,1,0
0,https://www.visitbanjarmasin.id/zh/explore/tempat-wisata-di-lok-baintan,Tempat Wisata di Lok Baintan | Visit Banjarmasin,text/html; charset=utf-8,false,200,0,2,1,0
0,https://www.visitbanjarmasin.id/id/explore/wisata-kuliner-di-banjarmasin-barat,Wisata Kuliner di Banjarmasin Barat | Visit Banjarmasin,text/html; charset=utf-8,false,200,0,1,1,0
0,https://www.visitbanjarmasin.id/zh/explore/sewa-mobil-di-kuin,Sewa Mobil di Kuin | Visit Banjarmasin,text/html; charset=utf-8,false,200,0,2,1,0
0,https://www.visitbanjarmasin.id/id/explore/wisata-malam-di-banjarmasin-tengah,Wisata Malam di Banjarmasin Tengah | Visit Banjarmasin,text/html; charset=utf-8,false,200,0,1,1,0
0,https://www.visitbanjarmasin.id/ms/explore/wisata-malam-di-sungai-andai,Wisata Malam di Sungai Andai | Visit Banjarmasin,text/html; charset=utf-8,false,200,0,2,1,0
0,https://www.visitbanjarmasin.id/id/explore/hotel-murah-di-kuin,Hotel Murah di Kuin | Visit Banjarmasin,text/html; charset=utf-8,false,200,0,1,1,0
0,https://www.visitbanjarmasin.id/zh/explore/wisata-kuliner-di-lok-baintan,Wisata Kuliner di Lok Baintan | Visit Banjarmasin,text/html; charset=utf-8,false,200,0,2,1,0
0,https://www.visitbanjarmasin.id/en/explore/wisata-malam-di-banjarmasin-tengah,Wisata Malam di Banjarmasin Tengah | Visit Banjarmasin,text/html; charset=utf-8,false,200,0,2,1,0
0,https://www.visitbanjarmasin.id/ms/explore/wisata-kuliner-di-lok-baintan,Wisata Kuliner di Lok Baintan | Visit Banjarmasin,text/html; charset=utf-8,false,200,0,2,1,0
0,https://www.visitbanjarmasin.id/id/explore/wisata-malam-di-banjarmasin-barat,Wisata Malam di Banjarmasin Barat | Visit Banjarmasin,text/html; charset=utf-8,false,200,0,1,1,0
0,https://www.visitbanjarmasin.id/ms/explore/sewa-mobil-di-lok-baintan,Sewa Mobil di Lok Baintan | Visit Banjarmasin,text/html; charset=utf-8,false,200,0,2,1,0
0,https://www.visitbanjarmasin.id/en/explore/oleh-oleh-khas-di-sultan-adam,Oleh-oleh Khas di Sultan Adam | Visit Banjarmasin,text/html; charset=utf-8,false,200,0,2,1,0
0,https://www.visitbanjarmasin.id/ms/explore/tempat-wisata-di-gatot-subroto,Tempat Wisata di Gatot Subroto | Visit Banjarmasin,text/html; charset=utf-8,false,200,0,2,1,0
0,https://www.visitbanjarmasin.id/zh/explore/sewa-mobil-di-banjarmasin-barat,Sewa Mobil di Banjarmasin Barat | Visit Banjarmasin,text/html; charset=utf-8,false,200,0,2,1,0
0,https://www.visitbanjarmasin.id/ms/explore/tempat-wisata-di-sultan-adam,Tempat Wisata di Sultan Adam | Visit Banjarmasin,text/html; charset=utf-8,false,200,0,2,1,0
0,https://www.visitbanjarmasin.id/zh/explore/tempat-wisata-di-banjarmasin-utara,Tempat Wisata di Banjarmasin Utara | Visit Banjarmasin,text/html; charset=utf-8,false,200,0,2,1,0
0,https://www.visitbanjarmasin.id/zh/explore/wisata-kuliner-di-sungai-andai,Wisata Kuliner di Sungai Andai | Visit Banjarmasin,text/html; charset=utf-8,false,200,0,2,1,0
0,https://www.visitbanjarmasin.id/id/explore/tempat-nongkrong-di-banjarmasin-barat,Tempat Nongkrong di Banjarmasin Barat | Visit Banjarmasin,text/html; charset=utf-8,false,200,0,1,1,0
0,https://www.visitbanjarmasin.id/en/explore/wisata-kuliner-di-sultan-adam,Wisata Kuliner di Sultan Adam | Visit Banjarmasin,text/html; charset=utf-8,false,200,0,2,1,0
0,https://www.visitbanjarmasin.id/ms/explore/hotel-murah-di-banjarmasin-tengah,Hotel Murah di Banjarmasin Tengah | Visit Banjarmasin,text/html; charset=utf-8,false,200,0,2,1,0
0,https://www.visitbanjarmasin.id/en/explore/wisata-kuliner-di-banjarmasin-utara,Wisata Kuliner di Banjarmasin Utara | Visit Banjarmasin,text/html; charset=utf-8,false,200,0,2,1,0
0,https://www.visitbanjarmasin.id/zh/explore/tempat-nongkrong-di-kuin,Tempat Nongkrong di Kuin | Visit Banjarmasin,text/html; charset=utf-8,false,200,0,2,1,0
0,https://www.visitbanjarmasin.id/ms/explore/wisata-kuliner-di-sultan-adam,Wisata Kuliner di Sultan Adam | Visit Banjarmasin,text/html; charset=utf-8,false,200,0,2,1,0
0,https://www.visitbanjarmasin.id/id/explore/tempat-nongkrong-di-sungai-andai,Tempat Nongkrong di Sungai Andai | Visit Banjarmasin,text/html; charset=utf-8,false,200,0,1,1,0
0,https://www.visitbanjarmasin.id/ms/explore/hotel-murah-di-banjarmasin-timur,Hotel Murah di Banjarmasin Timur | Visit Banjarmasin,text/html; charset=utf-8,false,200,0,2,1,0
0,https://www.visitbanjarmasin.id/en/explore/sewa-mobil-di-banjarmasin-barat,Sewa Mobil di Banjarmasin Barat | Visit Banjarmasin,text/html; charset=utf-8,false,200,0,2,1,0
0,https://www.visitbanjarmasin.id/en/explore/sewa-mobil-di-lok-baintan,Sewa Mobil di Lok Baintan | Visit Banjarmasin,text/html; charset=utf-8,false,200,0,2,1,0
0,https://www.visitbanjarmasin.id/id/explore/wisata-kuliner-di-banjarmasin-selatan,Wisata Kuliner di Banjarmasin Selatan | Visit Banjarmasin,text/html; charset=utf-8,false,200,0,1,1,0
0,https://www.visitbanjarmasin.id/en/explore/sewa-mobil-di-kayutangi,Sewa Mobil di Kayutangi | Visit Banjarmasin,text/html; charset=utf-8,false,200,0,2,1,0
0,https://www.visitbanjarmasin.id/zh/explore/sewa-mobil-di-banjarmasin-utara,Sewa Mobil di Banjarmasin Utara | Visit Banjarmasin,text/html; charset=utf-8,false,200,0,2,1,0
0,https://www.visitbanjarmasin.id/en/explore/oleh-oleh-khas-di-kayutangi,Oleh-oleh Khas di Kayutangi | Visit Banjarmasin,text/html; charset=utf-8,false,200,0,2,1,0
0,https://www.visitbanjarmasin.id/id/explore/wisata-malam-di-banjarmasin-timur,Wisata Malam di Banjarmasin Timur | Visit Banjarmasin,text/html; charset=utf-8,false,200,0,1,1,0
0,https://www.visitbanjarmasin.id/en/explore/wisata-malam-di-sultan-adam,Wisata Malam di Sultan Adam | Visit Banjarmasin,text/html; charset=utf-8,false,200,0,2,1,0
0,https://www.visitbanjarmasin.id/zh/explore/tempat-nongkrong-di-sultan-adam,Tempat Nongkrong di Sultan Adam | Visit Banjarmasin,text/html; charset=utf-8,false,200,0,2,1,0
0,https://www.visitbanjarmasin.id/id/explore/sewa-mobil-di-gatot-subroto,Sewa Mobil di Gatot Subroto | Visit Banjarmasin,text/html; charset=utf-8,false,200,0,1,1,0
0,https://www.visitbanjarmasin.id/ms/explore/wisata-kuliner-di-banjarmasin-barat,Wisata Kuliner di Banjarmasin Barat | Visit Banjarmasin,text/html; charset=utf-8,false,200,0,2,1,0
0,https://www.visitbanjarmasin.id/id/explore/oleh-oleh-khas-di-banjarmasin-selatan,Oleh-oleh Khas di Banjarmasin Selatan | Visit Banjarmasin,text/html; charset=utf-8,false,200,0,1,1,0
0,https://www.visitbanjarmasin.id/en/explore/tempat-nongkrong-di-banjarmasin-utara,Tempat Nongkrong di Banjarmasin Utara | Visit Banjarmasin,text/html; charset=utf-8,false,200,0,2,1,0
0,https://www.visitbanjarmasin.id/en/explore/hotel-murah-di-sungai-andai,Hotel Murah di Sungai Andai | Visit Banjarmasin,text/html; charset=utf-8,false,200,0,2,1,0
0,https://www.visitbanjarmasin.id/zh/explore/sewa-mobil-di-sultan-adam,Sewa Mobil di Sultan Adam | Visit Banjarmasin,text/html; charset=utf-8,false,200,0,2,1,0
0,https://www.visitbanjarmasin.id/en/explore/tempat-wisata-di-banjarmasin-barat,Tempat Wisata di Banjarmasin Barat | Visit Banjarmasin,text/html; charset=utf-8,false,200,0,2,1,0
0,https://www.visitbanjarmasin.id/zh/explore/sewa-mobil-di-lok-baintan,Sewa Mobil di Lok Baintan | Visit Banjarmasin,text/html; charset=utf-8,false,200,0,2,1,0
0,https://www.visitbanjarmasin.id/zh/explore/wisata-malam-di-banjarmasin-tengah,Wisata Malam di Banjarmasin Tengah | Visit Banjarmasin,text/html; charset=utf-8,false,200,0,2,1,0
0,https://www.visitbanjarmasin.id/id/explore/tempat-nongkrong-di-kuin,Tempat Nongkrong di Kuin | Visit Banjarmasin,text/html; charset=utf-8,false,200,0,1,1,0
0,https://www.visitbanjarmasin.id/id/explore/tempat-nongkrong-di-lok-baintan,Tempat Nongkrong di Lok Baintan | Visit Banjarmasin,text/html; charset=utf-8,false,200,0,1,1,0
0,https://www.visitbanjarmasin.id/ms/explore/oleh-oleh-khas-di-banjarmasin-timur,Oleh-oleh Khas di Banjarmasin Timur | Visit Banjarmasin,text/html; charset=utf-8,false,200,0,2,1,0
0,https://www.visitbanjarmasin.id/id/explore/hotel-murah-di-banjarmasin-utara,Hotel Murah di Banjarmasin Utara | Visit Banjarmasin,text/html; charset=utf-8,false,200,0,1,1,0
0,https://www.visitbanjarmasin.id/en/explore/wisata-malam-di-kuin,Wisata Malam di Kuin | Visit Banjarmasin,text/html; charset=utf-8,false,200,0,2,1,0
0,https://www.visitbanjarmasin.id/ms/explore/wisata-malam-di-lok-baintan,Wisata Malam di Lok Baintan | Visit Banjarmasin,text/html; charset=utf-8,false,200,0,2,1,0
0,https://www.visitbanjarmasin.id/zh/explore/wisata-malam-di-kuin,Wisata Malam di Kuin | Visit Banjarmasin,text/html; charset=utf-8,false,200,0,2,1,0
0,https://www.visitbanjarmasin.id/ms/explore/hotel-murah-di-lok-baintan,Hotel Murah di Lok Baintan | Visit Banjarmasin,text/html; charset=utf-8,false,200,0,2,1,0
0,https://www.visitbanjarmasin.id/en/explore/wisata-kuliner-di-sungai-andai,Wisata Kuliner di Sungai Andai | Visit Banjarmasin,text/html; charset=utf-8,false,200,0,2,1,0
0,https://www.visitbanjarmasin.id/en/explore/oleh-oleh-khas-di-sungai-andai,Oleh-oleh Khas di Sungai Andai | Visit Banjarmasin,text/html; charset=utf-8,false,200,0,2,1,0
0,https://www.visitbanjarmasin.id/ms/explore/wisata-malam-di-kayutangi,Wisata Malam di Kayutangi | Visit Banjarmasin,text/html; charset=utf-8,false,200,0,2,1,0
0,https://www.visitbanjarmasin.id/id/explore/tempat-wisata-di-banjarmasin-utara,Tempat Wisata di Banjarmasin Utara | Visit Banjarmasin,text/html; charset=utf-8,false,200,0,1,1,0
0,https://www.visitbanjarmasin.id/zh/explore/wisata-malam-di-sultan-adam,Wisata Malam di Sultan Adam | Visit Banjarmasin,text/html; charset=utf-8,false,200,0,2,1,0
0,https://www.visitbanjarmasin.id/ms/explore/hotel-murah-di-banjarmasin-utara,Hotel Murah di Banjarmasin Utara | Visit Banjarmasin,text/html; charset=utf-8,false,200,0,2,1,0
0,https://www.visitbanjarmasin.id/id/explore/oleh-oleh-khas-di-lok-baintan,Oleh-oleh Khas di Lok Baintan | Visit Banjarmasin,text/html; charset=utf-8,false,200,0,1,1,0
0,https://www.visitbanjarmasin.id/id/explore/tempat-wisata-di-sultan-adam,Tempat Wisata di Sultan Adam | Visit Banjarmasin,text/html; charset=utf-8,false,200,0,1,1,0
0,https://www.visitbanjarmasin.id/id/explore/hotel-murah-di-lok-baintan,Hotel Murah di Lok Baintan | Visit Banjarmasin,text/html; charset=utf-8,false,200,0,1,1,0
0,https://www.visitbanjarmasin.id/ms/explore/wisata-kuliner-di-gatot-subroto,Wisata Kuliner di Gatot Subroto | Visit Banjarmasin,text/html; charset=utf-8,false,200,0,2,1,0
0,https://www.visitbanjarmasin.id/id/explore/tempat-nongkrong-di-banjarmasin-timur,Tempat Nongkrong di Banjarmasin Timur | Visit Banjarmasin,text/html; charset=utf-8,false,200,0,1,1,0
0,https://www.visitbanjarmasin.id/zh/explore/sewa-mobil-di-gatot-subroto,Sewa Mobil di Gatot Subroto | Visit Banjarmasin,text/html; charset=utf-8,false,200,0,2,1,0
0,https://www.visitbanjarmasin.id/ms/explore/tempat-nongkrong-di-banjarmasin-tengah,Tempat Nongkrong di Banjarmasin Tengah | Visit Banjarmasin,text/html; charset=utf-8,false,200,0,2,1,0
0,https://www.visitbanjarmasin.id/id/explore/sewa-mobil-di-banjarmasin-selatan,Sewa Mobil di Banjarmasin Selatan | Visit Banjarmasin,text/html; charset=utf-8,false,200,0,1,1,0
0,https://www.visitbanjarmasin.id/zh/explore/wisata-kuliner-di-banjarmasin-barat,Wisata Kuliner di Banjarmasin Barat | Visit Banjarmasin,text/html; charset=utf-8,false,200,0,2,1,0
0,https://www.visitbanjarmasin.id/ms/explore/tempat-wisata-di-lok-baintan,Tempat Wisata di Lok Baintan | Visit Banjarmasin,text/html; charset=utf-8,false,200,0,2,1,0
0,https://www.visitbanjarmasin.id/id/explore/wisata-malam-di-kayutangi,Wisata Malam di Kayutangi | Visit Banjarmasin,text/html; charset=utf-8,false,200,0,1,1,0
0,https://www.visitbanjarmasin.id/id/explore/wisata-malam-di-gatot-subroto,Wisata Malam di Gatot Subroto | Visit Banjarmasin,text/html; charset=utf-8,false,200,0,1,1,0
0,https://www.visitbanjarmasin.id/en/explore/tempat-nongkrong-di-gatot-subroto,Tempat Nongkrong di Gatot Subroto | Visit Banjarmasin,text/html; charset=utf-8,false,200,0,2,1,0
0,https://www.visitbanjarmasin.id/zh/explore/tempat-nongkrong-di-banjarmasin-barat,Tempat Nongkrong di Banjarmasin Barat | Visit Banjarmasin,text/html; charset=utf-8,false,200,0,2,1,0
0,https://www.visitbanjarmasin.id/zh/explore/tempat-wisata-di-banjarmasin-selatan,Tempat Wisata di Banjarmasin Selatan | Visit Banjarmasin,text/html; charset=utf-8,false,200,0,2,1,0
0,https://www.visitbanjarmasin.id/zh/explore/oleh-oleh-khas-di-banjarmasin-utara,Oleh-oleh Khas di Banjarmasin Utara | Visit Banjarmasin,text/html; charset=utf-8,false,200,0,2,1,0
0,https://www.visitbanjarmasin.id/ms/explore/tempat-nongkrong-di-lok-baintan,Tempat Nongkrong di Lok Baintan | Visit Banjarmasin,text/html; charset=utf-8,false,200,0,2,1,0
0,https://www.visitbanjarmasin.id/en/explore/tempat-nongkrong-di-kuin,Tempat Nongkrong di Kuin | Visit Banjarmasin,text/html; charset=utf-8,false,200,0,2,1,0
0,https://www.visitbanjarmasin.id/id/explore/tempat-wisata-di-kuin,Tempat Wisata di Kuin | Visit Banjarmasin,text/html; charset=utf-8,false,200,0,1,1,0
0,https://www.visitbanjarmasin.id/zh/explore/hotel-murah-di-gatot-subroto,Hotel Murah di Gatot Subroto | Visit Banjarmasin,text/html; charset=utf-8,false,200,0,2,1,0
0,https://www.visitbanjarmasin.id/en/explore/wisata-malam-di-sungai-andai,Wisata Malam di Sungai Andai | Visit Banjarmasin,text/html; charset=utf-8,false,200,0,2,1,0
0,https://www.visitbanjarmasin.id/id/explore/wisata-malam-di-banjarmasin-selatan,Wisata Malam di Banjarmasin Selatan | Visit Banjarmasin,text/html; charset=utf-8,false,200,0,1,1,0
0,https://www.visitbanjarmasin.id/id/explore/sewa-mobil-di-lok-baintan,Sewa Mobil di Lok Baintan | Visit Banjarmasin,text/html; charset=utf-8,false,200,0,1,1,0
0,https://www.visitbanjarmasin.id/id/explore/tempat-nongkrong-di-banjarmasin-utara,Tempat Nongkrong di Banjarmasin Utara | Visit Banjarmasin,text/html; charset=utf-8,false,200,0,1,1,0
0,https://www.visitbanjarmasin.id/id/explore/wisata-malam-di-lok-baintan,Wisata Malam di Lok Baintan | Visit Banjarmasin,text/html; charset=utf-8,false,200,0,1,1,0
0,https://www.visitbanjarmasin.id/en/explore/wisata-kuliner-di-banjarmasin-tengah,Wisata Kuliner di Banjarmasin Tengah | Visit Banjarmasin,text/html; charset=utf-8,false,200,0,2,1,0
0,https://www.visitbanjarmasin.id/ms/explore/wisata-malam-di-banjarmasin-barat,Wisata Malam di Banjarmasin Barat | Visit Banjarmasin,text/html; charset=utf-8,false,200,0,2,1,0
0,https://www.visitbanjarmasin.id/ms/explore/hotel-murah-di-banjarmasin-barat,Hotel Murah di Banjarmasin Barat | Visit Banjarmasin,text/html; charset=utf-8,false,200,0,2,1,0
0,https://www.visitbanjarmasin.id/zh/explore/wisata-kuliner-di-banjarmasin-selatan,Wisata Kuliner di Banjarmasin Selatan | Visit Banjarmasin,text/html; charset=utf-8,false,200,0,2,1,0
0,https://www.visitbanjarmasin.id/zh/explore/tempat-wisata-di-kuin,Tempat Wisata di Kuin | Visit Banjarmasin,text/html; charset=utf-8,false,200,0,2,1,0
0,https://www.visitbanjarmasin.id/zh/explore/tempat-wisata-di-banjarmasin-timur,Tempat Wisata di Banjarmasin Timur | Visit Banjarmasin,text/html; charset=utf-8,false,200,0,2,1,0
0,https://www.visitbanjarmasin.id/zh/explore/oleh-oleh-khas-di-banjarmasin-barat,Oleh-oleh Khas di Banjarmasin Barat | Visit Banjarmasin,text/html; charset=utf-8,false,200,0,2,1,0
0,https://www.visitbanjarmasin.id/ms/explore/oleh-oleh-khas-di-banjarmasin-tengah,Oleh-oleh Khas di Banjarmasin Tengah | Visit Banjarmasin,text/html; charset=utf-8,false,200,0,2,1,0
0,https://www.visitbanjarmasin.id/ms/explore/oleh-oleh-khas-di-lok-baintan,Oleh-oleh Khas di Lok Baintan | Visit Banjarmasin,text/html; charset=utf-8,false,200,0,2,1,0
0,https://www.visitbanjarmasin.id/zh/explore/wisata-kuliner-di-kuin,Wisata Kuliner di Kuin | Visit Banjarmasin,text/html; charset=utf-8,false,200,0,2,1,0
0,https://www.visitbanjarmasin.id/ms/explore/tempat-nongkrong-di-banjarmasin-selatan,Tempat Nongkrong di Banjarmasin Selatan | Visit Banjarmasin,text/html; charset=utf-8,false,200,0,2,1,0
0,https://www.visitbanjarmasin.id/en/explore/tempat-wisata-di-banjarmasin-tengah,Tempat Wisata di Banjarmasin Tengah | Visit Banjarmasin,text/html; charset=utf-8,false,200,0,2,1,0
0,https://www.visitbanjarmasin.id/en/explore/sewa-mobil-di-banjarmasin-utara,Sewa Mobil di Banjarmasin Utara | Visit Banjarmasin,text/html; charset=utf-8,false,200,0,2,1,0
0,https://www.visitbanjarmasin.id/en/explore/tempat-wisata-di-banjarmasin-timur,Tempat Wisata di Banjarmasin Timur | Visit Banjarmasin,text/html; charset=utf-8,false,200,0,2,1,0
0,https://www.visitbanjarmasin.id/zh/explore/tempat-nongkrong-di-kayutangi,Tempat Nongkrong di Kayutangi | Visit Banjarmasin,text/html; charset=utf-8,false,200,0,2,1,0
0,https://www.visitbanjarmasin.id/zh/explore/hotel-murah-di-sungai-andai,Hotel Murah di Sungai Andai | Visit Banjarmasin,text/html; charset=utf-8,false,200,0,2,1,0
0,https://www.visitbanjarmasin.id/zh/explore/tempat-nongkrong-di-lok-baintan,Tempat Nongkrong di Lok Baintan | Visit Banjarmasin,text/html; charset=utf-8,false,200,0,2,1,0
0,https://www.visitbanjarmasin.id/ms/explore/hotel-murah-di-kuin,Hotel Murah di Kuin | Visit Banjarmasin,text/html; charset=utf-8,false,200,0,2,1,0
0,https://www.visitbanjarmasin.id/zh/explore/hotel-murah-di-lok-baintan,Hotel Murah di Lok Baintan | Visit Banjarmasin,text/html; charset=utf-8,false,200,0,2,1,0
0,https://www.visitbanjarmasin.id/id/explore/tempat-wisata-di-banjarmasin-selatan,Tempat Wisata di Banjarmasin Selatan | Visit Banjarmasin,text/html; charset=utf-8,false,200,0,1,1,0
0,https://www.visitbanjarmasin.id/zh/profil-kota,城市概况 | 马辰旅游,text/html; charset=utf-8,false,200,0,2,1,0
0,https://www.visitbanjarmasin.id/en/profil-kota,City Profile | Visit Banjarmasin,text/html; charset=utf-8,false,200,0,2,1,0
0,https://www.visitbanjarmasin.id/id/explore/tempat-nongkrong-di-banjarmasin-selatan,Tempat Nongkrong di Banjarmasin Selatan | Visit Banjarmasin,text/html; charset=utf-8,false,200,0,1,1,0
0,https://www.visitbanjarmasin.id/en/explore/oleh-oleh-khas-di-banjarmasin-tengah,Oleh-oleh Khas di Banjarmasin Tengah | Visit Banjarmasin,text/html; charset=utf-8,false,200,0,2,1,0
0,https://www.visitbanjarmasin.id/en/explore/sewa-mobil-di-sultan-adam,Sewa Mobil di Sultan Adam | Visit Banjarmasin,text/html; charset=utf-8,false,200,0,2,1,0
0,https://www.visitbanjarmasin.id/id/explore/sewa-mobil-di-kuin,Sewa Mobil di Kuin | Visit Banjarmasin,text/html; charset=utf-8,false,200,0,1,1,0
0,https://www.visitbanjarmasin.id/ms/explore/wisata-malam-di-gatot-subroto,Wisata Malam di Gatot Subroto | Visit Banjarmasin,text/html; charset=utf-8,false,200,0,2,1,0
0,https://www.visitbanjarmasin.id/id/explore/tempat-wisata-di-kayutangi,Tempat Wisata di Kayutangi | Visit Banjarmasin,text/html; charset=utf-8,false,200,0,1,1,0
0,https://www.visitbanjarmasin.id/id/explore/sewa-mobil-di-kayutangi,Sewa Mobil di Kayutangi | Visit Banjarmasin,text/html; charset=utf-8,false,200,0,1,1,0
0,https://www.visitbanjarmasin.id/ms/explore/oleh-oleh-khas-di-kayutangi,Oleh-oleh Khas di Kayutangi | Visit Banjarmasin,text/html; charset=utf-8,false,200,0,2,1,0
0,https://www.visitbanjarmasin.id/en/explore/tempat-nongkrong-di-lok-baintan,Tempat Nongkrong di Lok Baintan | Visit Banjarmasin,text/html; charset=utf-8,false,200,0,2,1,0
0,https://www.visitbanjarmasin.id/id/explore/wisata-malam-di-banjarmasin-utara,Wisata Malam di Banjarmasin Utara | Visit Banjarmasin,text/html; charset=utf-8,false,200,0,1,1,0
0,https://www.visitbanjarmasin.id/zh/explore/wisata-kuliner-di-sultan-adam,Wisata Kuliner di Sultan Adam | Visit Banjarmasin,text/html; charset=utf-8,false,200,0,2,1,0
0,https://www.visitbanjarmasin.id/ms/explore/wisata-malam-di-banjarmasin-selatan,Wisata Malam di Banjarmasin Selatan | Visit Banjarmasin,text/html; charset=utf-8,false,200,0,2,1,0
0,https://www.visitbanjarmasin.id/id/explore/oleh-oleh-khas-di-gatot-subroto,Oleh-oleh Khas di Gatot Subroto | Visit Banjarmasin,text/html; charset=utf-8,false,200,0,1,1,0
0,https://www.visitbanjarmasin.id/zh/explore/tempat-wisata-di-sungai-andai,Tempat Wisata di Sungai Andai | Visit Banjarmasin,text/html; charset=utf-8,false,200,0,2,1,0
0,https://www.visitbanjarmasin.id/ms/explore/wisata-kuliner-di-kuin,Wisata Kuliner di Kuin | Visit Banjarmasin,text/html; charset=utf-8,false,200,0,2,1,0
0,https://www.visitbanjarmasin.id/ms/explore/oleh-oleh-khas-di-kuin,Oleh-oleh Khas di Kuin | Visit Banjarmasin,text/html; charset=utf-8,false,200,0,2,1,0
0,https://www.visitbanjarmasin.id/en/explore/tempat-wisata-di-kayutangi,Tempat Wisata di Kayutangi | Visit Banjarmasin,text/html; charset=utf-8,false,200,0,2,1,0
0,https://www.visitbanjarmasin.id/zh/explore/oleh-oleh-khas-di-gatot-subroto,Oleh-oleh Khas di Gatot Subroto | Visit Banjarmasin,text/html; charset=utf-8,false,200,0,2,1,0
0,https://www.visitbanjarmasin.id/id/explore/sewa-mobil-di-sungai-andai,Sewa Mobil di Sungai Andai | Visit Banjarmasin,text/html; charset=utf-8,false,200,0,1,1,0
0,https://www.visitbanjarmasin.id/zh/explore/wisata-kuliner-di-banjarmasin-utara,Wisata Kuliner di Banjarmasin Utara | Visit Banjarmasin,text/html; charset=utf-8,false,200,0,2,1,0
0,https://www.visitbanjarmasin.id/en/explore/sewa-mobil-di-gatot-subroto,Sewa Mobil di Gatot Subroto | Visit Banjarmasin,text/html; charset=utf-8,false,200,0,2,1,0
0,https://www.visitbanjarmasin.id/en/explore/tempat-wisata-di-lok-baintan,Tempat Wisata di Lok Baintan | Visit Banjarmasin,text/html; charset=utf-8,false,200,0,2,1,0
0,https://www.visitbanjarmasin.id/ms/explore/oleh-oleh-khas-di-banjarmasin-barat,Oleh-oleh Khas di Banjarmasin Barat | Visit Banjarmasin,text/html; charset=utf-8,false,200,0,2,1,0
0,https://www.visitbanjarmasin.id/id/explore/wisata-kuliner-di-banjarmasin-timur,Wisata Kuliner di Banjarmasin Timur | Visit Banjarmasin,text/html; charset=utf-8,false,200,0,1,1,0
0,https://www.visitbanjarmasin.id/en/explore/hotel-murah-di-banjarmasin-timur,Hotel Murah di Banjarmasin Timur | Visit Banjarmasin,text/html; charset=utf-8,false,200,0,2,1,0
0,https://www.visitbanjarmasin.id/en/explore/wisata-malam-di-banjarmasin-utara,Wisata Malam di Banjarmasin Utara | Visit Banjarmasin,text/html; charset=utf-8,false,200,0,2,1,0
0,https://www.visitbanjarmasin.id/zh/explore/sewa-mobil-di-sungai-andai,Sewa Mobil di Sungai Andai | Visit Banjarmasin,text/html; charset=utf-8,false,200,0,2,1,0
0,https://www.visitbanjarmasin.id/id/explore/wisata-malam-di-sungai-andai,Wisata Malam di Sungai Andai | Visit Banjarmasin,text/html; charset=utf-8,false,200,0,1,1,0
0,https://www.visitbanjarmasin.id/en/explore/tempat-nongkrong-di-banjarmasin-selatan,Tempat Nongkrong di Banjarmasin Selatan | Visit Banjarmasin,text/html; charset=utf-8,false,200,0,2,1,0
0,https://www.visitbanjarmasin.id/id/explore/hotel-murah-di-banjarmasin-selatan,Hotel Murah di Banjarmasin Selatan | Visit Banjarmasin,text/html; charset=utf-8,false,200,0,1,1,0
0,https://www.visitbanjarmasin.id/ms/explore/hotel-murah-di-sultan-adam,Hotel Murah di Sultan Adam | Visit Banjarmasin,text/html; charset=utf-8,false,200,0,2,1,0
0,https://www.visitbanjarmasin.id/ms/explore/tempat-wisata-di-banjarmasin-utara,Tempat Wisata di Banjarmasin Utara | Visit Banjarmasin,text/html; charset=utf-8,false,200,0,2,1,0
0,https://www.visitbanjarmasin.id/id/explore/oleh-oleh-khas-di-sungai-andai,Oleh-oleh Khas di Sungai Andai | Visit Banjarmasin,text/html; charset=utf-8,false,200,0,1,1,0
0,https://www.visitbanjarmasin.id/ms/explore/tempat-wisata-di-banjarmasin-barat,Tempat Wisata di Banjarmasin Barat | Visit Banjarmasin,text/html; charset=utf-8,false,200,0,2,1,0
0,https://www.visitbanjarmasin.id/en/explore/wisata-malam-di-lok-baintan,Wisata Malam di Lok Baintan | Visit Banjarmasin,text/html; charset=utf-8,false,200,0,2,1,0
0,https://www.visitbanjarmasin.id/id/explore/wisata-kuliner-di-sultan-adam,Wisata Kuliner di Sultan Adam | Visit Banjarmasin,text/html; charset=utf-8,false,200,0,1,1,0
0,https://www.visitbanjarmasin.id/id/explore/tempat-wisata-di-sungai-andai,Tempat Wisata di Sungai Andai | Visit Banjarmasin,text/html; charset=utf-8,false,200,0,1,1,0
0,https://www.visitbanjarmasin.id/ms/explore/sewa-mobil-di-banjarmasin-selatan,Sewa Mobil di Banjarmasin Selatan | Visit Banjarmasin,text/html; charset=utf-8,false,200,0,2,1,0
0,https://www.visitbanjarmasin.id/id/explore/wisata-kuliner-di-kayutangi,Wisata Kuliner di Kayutangi | Visit Banjarmasin,text/html; charset=utf-8,false,200,0,1,1,0
0,https://www.visitbanjarmasin.id/en/explore/wisata-malam-di-banjarmasin-barat,Wisata Malam di Banjarmasin Barat | Visit Banjarmasin,text/html; charset=utf-8,false,200,0,2,1,0
0,https://www.visitbanjarmasin.id/en/explore/sewa-mobil-di-banjarmasin-tengah,Sewa Mobil di Banjarmasin Tengah | Visit Banjarmasin,text/html; charset=utf-8,false,200,0,2,1,0
0,https://www.visitbanjarmasin.id/zh/explore/tempat-nongkrong-di-banjarmasin-selatan,Tempat Nongkrong di Banjarmasin Selatan | Visit Banjarmasin,text/html; charset=utf-8,false,200,0,2,1,0
0,https://www.visitbanjarmasin.id/en/explore/oleh-oleh-khas-di-banjarmasin-barat,Oleh-oleh Khas di Banjarmasin Barat | Visit Banjarmasin,text/html; charset=utf-8,false,200,0,2,1,0
0,https://www.visitbanjarmasin.id/en/explore/sewa-mobil-di-banjarmasin-timur,Sewa Mobil di Banjarmasin Timur | Visit Banjarmasin,text/html; charset=utf-8,false,200,0,2,1,0
0,https://www.visitbanjarmasin.id/en/explore/tempat-nongkrong-di-sungai-andai,Tempat Nongkrong di Sungai Andai | Visit Banjarmasin,text/html; charset=utf-8,false,200,0,2,1,0
0,https://www.visitbanjarmasin.id/ms/explore/wisata-kuliner-di-banjarmasin-tengah,Wisata Kuliner di Banjarmasin Tengah | Visit Banjarmasin,text/html; charset=utf-8,false,200,0,2,1,0
0,https://www.visitbanjarmasin.id/en/explore/tempat-wisata-di-sungai-andai,Tempat Wisata di Sungai Andai | Visit Banjarmasin,text/html; charset=utf-8,false,200,0,2,1,0
0,https://www.visitbanjarmasin.id/zh/explore/wisata-malam-di-sungai-andai,Wisata Malam di Sungai Andai | Visit Banjarmasin,text/html; charset=utf-8,false,200,0,2,1,0
0,https://www.visitbanjarmasin.id/zh/explore/wisata-kuliner-di-kayutangi,Wisata Kuliner di Kayutangi | Visit Banjarmasin,text/html; charset=utf-8,false,200,0,2,1,0
0,https://www.visitbanjarmasin.id/zh/explore/hotel-murah-di-banjarmasin-utara,Hotel Murah di Banjarmasin Utara | Visit Banjarmasin,text/html; charset=utf-8,false,200,0,2,1,0
0,https://www.visitbanjarmasin.id/id/explore/hotel-murah-di-sungai-andai,Hotel Murah di Sungai Andai | Visit Banjarmasin,text/html; charset=utf-8,false,200,0,1,1,0
0,https://www.visitbanjarmasin.id/en/explore/hotel-murah-di-banjarmasin-selatan,Hotel Murah di Banjarmasin Selatan | Visit Banjarmasin,text/html; charset=utf-8,false,200,0,2,1,0
