PR,URL,Title,Content type,Is rendered page,HTTP status code,Organic traffic,Depth,Title patch,Title patch status,Title length,No. of titles,Is indexable page
5,https://www.visitbanjarmasin.id/zh,马辰旅游 | 探索旅游与文化,text/html; charset=utf-8,false,200,0,2,,,14,1,false
5,https://www.visitbanjarmasin.id/zh/wisata,顶级旅游目的地 | 马辰旅游,text/html; charset=utf-8,false,200,0,2,,,14,1,false
1,https://www.visitbanjarmasin.id/zh/budaya,艺术与文化 | 马辰旅游,text/html; charset=utf-8,false,200,0,2,,,12,1,false
1,https://www.visitbanjarmasin.id/zh/panduan,旅游指南与交通 | 马辰旅游,text/html; charset=utf-8,false,200,0,2,,,14,1,false
1,https://www.visitbanjarmasin.id/zh/kuliner,正宗美食 | 马辰旅游,text/html; charset=utf-8,false,200,0,2,,,11,1,false
1,https://www.visitbanjarmasin.id/zh/profil,城市概况 | 马辰旅游,text/html; charset=utf-8,false,200,0,2,,,11,1,false
1,https://www.visitbanjarmasin.id/zh/sejarah,历史遗迹 | 马辰旅游,text/html; charset=utf-8,false,200,0,2,,,11,1,false
1,https://www.visitbanjarmasin.id/zh/smart-city,智慧城市 | 马辰旅游,text/html; charset=utf-8,false,200,0,2,,,11,1,false
0,https://www.visitbanjarmasin.id/zh/profil-kota,城市概况 | 马辰旅游,text/html; charset=utf-8,false,200,0,2,,,11,1,false
